-- Athens Command Center — starter data
-- Generated by scripts/gen-seed-sql.js. Run db/schema.sql first, then this.
-- Safe to re-run: rows use explicit ids with ON CONFLICT DO NOTHING.
-- Does NOT create a login — create your admin separately (see DEPLOY.md).

BEGIN;

INSERT INTO drivers (id, name, title, email) VALUES
  (1, 'Tamer Hassanien', 'Chief Executive Officer', 'tamer@athensservices.com'),
  (2, 'Maria Gonzalez', 'VP, Operations', 'maria@athensservices.com'),
  (3, 'David Chen', 'Director, Fleet & Logistics', 'david@athensservices.com'),
  (4, 'Priya Patel', 'Director, Sustainability', 'priya@athensservices.com'),
  (5, 'James Okafor', 'Director, Customer Experience', 'james@athensservices.com')
ON CONFLICT (id) DO NOTHING;

INSERT INTO goals (id, title, description, driver_id, status, progress, sort_order) VALUES
  (1, 'Lead the region in diversion & sustainability', 'Be the recognized leader in landfill diversion and SB 1383 compliance across our service area.', 4, 'on_track', 62, 0),
  (2, 'Run the safest, most reliable fleet in the industry', 'Zero preventable incidents, high uptime, and a cleaner fuel mix across the collection fleet.', 3, 'at_risk', 58, 1),
  (3, 'Deliver an effortless customer experience', 'Make it easy for residents and businesses to get great service and self-serve online.', 5, 'on_track', 67, 2),
  (4, 'Grow revenue & operational efficiency', 'Profitable growth in commercial accounts while lowering cost per ton collected.', 2, 'on_track', 55, 3),
  (5, 'Build a high-performing, engaged team', 'Attract, develop, and retain the drivers and staff who make Athens run.', 1, 'at_risk', 60, 4)
ON CONFLICT (id) DO NOTHING;

INSERT INTO key_results (id, goal_id, title, driver_id, unit, start_value, current_value, target_value, status, progress, sort_order) VALUES
  (1, 1, 'Increase landfill diversion rate to 75%', 4, '%', 58, 64, 75, 'on_track', 35, 0),
  (2, 1, 'Roll out organics (SB 1383) collection to 100% of residential routes', 4, '%', 40, 72, 100, 'on_track', 53, 1),
  (3, 1, 'Cut recycling load contamination below 10%', 4, '%', 22, 15, 10, 'at_risk', 58, 2),
  (4, 1, 'Process 50,000 tons of recovered material at the MRF', 4, 'tons', 0, 31000, 50000, 'on_track', 62, 3),
  (5, 2, 'Reduce preventable safety incidents below 5 per quarter', 3, 'incidents', 12, 7, 5, 'at_risk', 71, 4),
  (6, 2, 'Achieve 95% on-time route completion', 3, '%', 86, 91, 95, 'on_track', 56, 5),
  (7, 2, 'Convert 40% of the collection fleet to CNG/electric', 3, '%', 18, 27, 40, 'on_track', 41, 6),
  (8, 2, 'Keep fleet uptime above 92%', 3, '%', 84, 89, 92, 'at_risk', 62, 7),
  (9, 3, 'Raise customer satisfaction (CSAT) to 90%', 5, '%', 78, 84, 90, 'on_track', 50, 8),
  (10, 3, 'Resolve 90% of service requests within 24 hours', 5, '%', 65, 80, 90, 'on_track', 60, 9),
  (11, 3, 'Move 60% of customers to online self-service billing', 5, '%', 30, 45, 60, 'on_track', 50, 10),
  (12, 3, 'Reduce missed-pickup complaints by 50%', 5, 'complaints', 320, 210, 160, 'on_track', 69, 11),
  (13, 4, 'Grow commercial accounts to 4,500', 2, 'accounts', 3800, 4100, 4500, 'on_track', 43, 12),
  (14, 4, 'Improve EBITDA margin to 22%', 2, '%', 16, 19, 22, 'at_risk', 50, 13),
  (15, 4, 'Reduce cost per ton collected by 8%', 2, '% reduction', 0, 4, 8, 'on_track', 50, 14),
  (16, 5, 'Raise employee engagement score to 80', 1, 'score', 68, 74, 80, 'on_track', 50, 15),
  (17, 5, 'Cut voluntary turnover below 12%', 1, '%', 19, 15, 12, 'at_risk', 57, 16),
  (18, 5, 'Fill 100% of CDL driver vacancies', 1, '%', 70, 88, 100, 'on_track', 60, 17)
ON CONFLICT (id) DO NOTHING;

INSERT INTO projects (id, key_result_id, title, description, driver_id, status, progress, start_date, due_date, sort_order) VALUES
  (1, 2, 'Curbside organics cart rollout — Phase 2', 'Distribute green carts and update routes for remaining residential zones.', 4, 'on_track', 70, '2026-01-15', '2026-09-30', 0),
  (2, 4, 'MRF optical sorter upgrade', 'Install AI-assisted optical sorters to lift recovery throughput.', 4, 'on_track', 55, '2026-02-01', '2026-08-15', 1),
  (3, 3, 'Recycling contamination education campaign', 'Mailers, cart tagging, and outreach to reduce "wish-cycling".', 4, 'at_risk', 45, '2026-01-10', '2026-07-31', 2),
  (4, 2, 'Commercial food-waste collection program', 'Onboard restaurants and grocers to SB 1383 organics service.', 4, 'on_track', 60, '2026-03-01', '2026-10-15', 3),
  (5, 5, 'Route safety telematics deployment', 'In-cab cameras and telematics across the collection fleet.', 3, 'on_track', 65, '2026-01-05', '2026-06-30', 4),
  (6, 5, 'Defensive driver training refresh', 'Refreshed curriculum and ride-along coaching for all CDL drivers.', 3, 'on_track', 80, '2026-02-10', '2026-05-31', 5),
  (7, 7, 'CNG fueling station buildout', 'Build on-site CNG fueling to support fleet conversion.', 3, 'at_risk', 40, '2026-01-20', '2026-11-30', 6),
  (8, 7, 'Electric refuse truck pilot', 'Pilot 4 EV trucks on dense residential routes.', 3, 'on_track', 35, '2026-04-01', '2026-12-15', 7),
  (9, 8, 'Preventive maintenance scheduling overhaul', 'Move from reactive repairs to scheduled preventive maintenance.', 3, 'on_track', 58, '2026-02-01', '2026-07-31', 8),
  (10, 6, 'Dynamic route optimization software', 'Optimize daily routes to improve on-time completion.', 3, 'on_track', 62, '2026-01-15', '2026-08-31', 9),
  (11, 9, 'CSAT survey & closed-loop feedback', 'Post-service surveys with follow-up on detractor feedback.', 5, 'on_track', 72, '2026-01-08', '2026-06-30', 10),
  (12, 10, '24-hour service SLA workflow', 'Dispatch and CRM workflow to hit the 24-hour resolution target.', 5, 'on_track', 68, '2026-02-15', '2026-07-15', 11),
  (13, 11, 'Customer self-service portal v2', 'Online account management, scheduling, and bulk pickup requests.', 5, 'on_track', 50, '2026-03-01', '2026-10-31', 12),
  (14, 11, 'Paperless billing migration', 'Incentivize and migrate customers to e-billing.', 5, 'on_track', 55, '2026-01-20', '2026-09-15', 13),
  (15, 12, 'Missed-pickup root-cause program', 'Track and eliminate the top causes of missed pickups.', 5, 'on_track', 64, '2026-02-01', '2026-08-31', 14),
  (16, 13, 'Commercial sales expansion — South Bay', 'Targeted outreach to win commercial accounts in growth corridors.', 2, 'on_track', 48, '2026-01-10', '2026-12-31', 15),
  (17, 14, 'Pricing & contract optimization', 'Review and modernize pricing across commercial contracts.', 2, 'at_risk', 42, '2026-02-01', '2026-10-31', 16),
  (18, 15, 'Fuel & maintenance cost reduction initiative', 'Cut cost per ton through fuel, routing, and maintenance savings.', 2, 'on_track', 52, '2026-01-15', '2026-11-30', 17),
  (19, 15, 'Automated cart-tipper retrofit', 'Retrofit trucks with automated tippers to lower labor and injury cost.', 2, 'on_track', 38, '2026-03-15', '2026-12-15', 18),
  (20, 16, 'Employee engagement action plan', 'Department-level action plans from the engagement survey.', 1, 'on_track', 55, '2026-01-05', '2026-09-30', 19),
  (21, 16, 'Frontline manager leadership program', 'Develop supervisors with a structured leadership curriculum.', 1, 'on_track', 60, '2026-02-01', '2026-08-31', 20),
  (22, 17, 'Driver retention & referral bonus', 'Retention bonuses and a driver referral program.', 1, 'at_risk', 45, '2026-01-15', '2026-12-31', 21),
  (23, 18, 'CDL apprenticeship & hiring pipeline', 'Apprenticeship program to grow our own CDL drivers.', 1, 'on_track', 66, '2026-01-10', '2026-10-31', 22),
  (24, 5, 'Safety incentive & near-miss reporting', 'Reward near-miss reporting to surface hazards early.', 3, 'on_track', 70, '2026-02-01', '2026-07-31', 23),
  (25, 8, 'Real-time fleet dashboard', 'Live visibility into uptime, location, and maintenance status.', 3, 'on_track', 50, '2026-03-01', '2026-09-30', 24)
ON CONFLICT (id) DO NOTHING;

SELECT setval('drivers_id_seq', (SELECT max(id) FROM drivers));
SELECT setval('goals_id_seq', (SELECT max(id) FROM goals));
SELECT setval('key_results_id_seq', (SELECT max(id) FROM key_results));
SELECT setval('projects_id_seq', (SELECT max(id) FROM projects));

COMMIT;
